{
  "project_info": {
    "project_number": "79858871151",
    "project_id": "phonenumber-c8e62",
    "storage_bucket": "phonenumber-c8e62.appspot.com"
  },
  "client": [
    {
      "client_info": {
        "mobilesdk_app_id": "1:79858871151:android:0db52bb3dd97e31dc5d69a",
        "android_client_info": {
          "package_name": "com.example.phonenumber"
        }
      },
      "oauth_client": [
        {
          "client_id": "79858871151-mvhfe78hq92632ro7i5l14v5u95caesl.apps.googleusercontent.com",
          "client_type": 3
        }
      ],
      "api_key": [
        {
          "current_key": "AIzaSyDxzMwnl3-9C0YD5LuI_NezEeS47WmF0VU"
        }
      ],
      "services": {
        "appinvite_service": {
          "other_platform_oauth_client": [
            {
              "client_id": "79858871151-mvhfe78hq92632ro7i5l14v5u95caesl.apps.googleusercontent.com",
              "client_type": 3
            }
          ]
        }
      }
    }
  ],
  "configuration_version": "1"
}