{
  "project_info": {
    "project_number": "6073257726",
    "project_id": "flutter-22d9e",
    "storage_bucket": "flutter-22d9e.appspot.com"
  },
  "client": [
    {
      "client_info": {
        "mobilesdk_app_id": "1:6073257726:android:7ba85b8b9f3e21398c1faf",
        "android_client_info": {
          "package_name": "com.example.firebase1"
        }
      },
      "oauth_client": [
        {
          "client_id": "6073257726-lqriau368qvfhvu9apckn3g4vp3ah3h1.apps.googleusercontent.com",
          "client_type": 3
        }
      ],
      "api_key": [
        {
          "current_key": "AIzaSyD38NlRFV-MPcI9YD4mXOAUMKoefpEapfM"
        }
      ],
      "services": {
        "appinvite_service": {
          "other_platform_oauth_client": [
            {
              "client_id": "6073257726-lqriau368qvfhvu9apckn3g4vp3ah3h1.apps.googleusercontent.com",
              "client_type": 3
            }
          ]
        }
      }
    }
  ],
  "configuration_version": "1"
}