{
  "project_info": {
    "project_number": "309401676203",
    "project_id": "database-b9644",
    "storage_bucket": "database-b9644.appspot.com"
  },
  "client": [
    {
      "client_info": {
        "mobilesdk_app_id": "1:309401676203:android:e009b4414ce0e8a1008aee",
        "android_client_info": {
          "package_name": "com.example.database_fire"
        }
      },
      "oauth_client": [
        {
          "client_id": "309401676203-2cj6teroke71ognerq8l5c10lcc3oco0.apps.googleusercontent.com",
          "client_type": 3
        }
      ],
      "api_key": [
        {
          "current_key": "AIzaSyCedUk07BKyu9B3dCOHYqX3knMUp6V27DQ"
        }
      ],
      "services": {
        "appinvite_service": {
          "other_platform_oauth_client": [
            {
              "client_id": "309401676203-2cj6teroke71ognerq8l5c10lcc3oco0.apps.googleusercontent.com",
              "client_type": 3
            }
          ]
        }
      }
    }
  ],
  "configuration_version": "1"
}